kegg_gene,gene_num
ABCA1,1
ABCC1,2
ABCC8,3
ABCF2,4
ABHD5,5
ABI1,6
ABI2,7
ABL1,8
ABL2,9
ABLIM1,10
ABLIM2,11
ABLIM3,12
ACAA1,13
ACACA,14
ACADM,15
ACIN1,16
ACOX1,17
ACOX3,18
ACP1,19
ACP5,20
ACSBG2,21
ACSL1,22
ACSL3,23
ACSL6,24
ACTA2,25
ACTB,26
ACTG1,27
ACTL6A,28
ACTL6B,29
ACTN1,30
ACTN4,31
ACTR2,32
ACTR3,33
ACTR3B,34
ACTR3C,35
ACVR1,36
ACVR1B,37
ACVR1C,38
ACVR2A,39
ACVR2B,40
ACVRL1,41
ADAM10,42
ADAM17,43
ADCY1,44
ADCY2,45
ADCY3,46
ADCY4,47
ADCY5,48
ADCY6,49
ADCY7,50
ADCY8,51
ADCY9,52
ADCYAP1,53
ADCYAP1R1,54
ADIPOR1,55
ADIPOR2,56
ADM,57
ADORA2A,58
ADORA2B,59
ADRA1A,60
ADRA1B,61
ADRA1D,62
ADRA2A,63
ADRA2B,64
ADRA2C,65
ADRB1,66
ADRB2,67
AGAP2,68
AGRN,69
AGTR1,70
AHR,71
AIFM2,72
AIM2,73
AIP,74
AIPL1,75
AJUBA,76
AKT1,77
AKT1S1,78
AKT2,79
ALDOA,80
ALDOC,81
ALG10B,82
ALG12,83
ALG3,84
ALG6,85
ALG8,86
ALG9,87
ALK,88
ALYREF,89
AMBRA1,90
AMH,91
AMOTL1,92
AMOTL2,93
ANAPC1,94
ANAPC10,95
ANAPC11,96
ANAPC13,97
ANAPC2,98
ANAPC4,99
ANAPC5,100
ANGPTL4,101
ANK1,102
ANK3,103
AOX1,104
AP1B1,105
AP1G1,106
AP1G2,107
AP1M1,108
AP1M2,109
AP1S1,110
AP1S3,111
AP2A2,112
AP2B1,113
AP2M1,114
AP2S1,115
APAF1,116
APBB1,117
APBB1IP,118
APC,119
APC2,120
APH1B,121
APOA1,122
APOB,123
APOBEC3B,124
APOBEC3C,125
APOBEC3D,126
APOC1,127
APOE,128
APP,129
APPL1,130
AQP1,131
AQP2,132
AQP7,133
ARAP3,134
ARC,135
ARF1,136
ARF6,137
ARHGAP10,138
ARHGAP17,139
ARHGAP5,140
ARHGDIA,141
ARHGDIB,142
ARHGDIG,143
ARHGEF1,144
ARHGEF11,145
ARHGEF12,146
ARHGEF18,147
ARHGEF2,148
ARHGEF25,149
ARHGEF26,150
ARHGEF4,151
ARHGEF7,152
ARID1A,153
ARID1B,154
ARID2,155
ARNT,156
ARNT2,157
ARNTL,158
ARPC1A,159
ARPC1B,160
ARPC2,161
ARPC3,162
ARPC4,163
ARPC5,164
ARPC5L,165
ARRB1,166
ARRB2,167
ASAP1,168
ASAP2,169
ASAP3,170
ASH2L,171
ASS1,172
ATF1,173
ATF2,174
ATF4,175
ATF6,176
ATF6B,177
ATG10,178
ATG12,179
ATG13,180
ATG14,181
ATG16L1,182
ATG16L2,183
ATG2A,184
ATG2B,185
ATG3,186
ATG4B,187
ATG4C,188
ATG4D,189
ATG5,190
ATG7,191
ATG9A,192
ATM,193
ATP1A1,194
ATP1A3,195
ATP1B1,196
ATP1B2,197
ATP1B3,198
ATP2A1,199
ATP2A2,200
ATP2A3,201
ATP2B1,202
ATP2B2,203
ATP2B4,204
ATP6V0A1,205
ATP6V0A2,206
ATP6V0A4,207
ATP6V0B,208
ATP6V0C,209
ATP6V0D1,210
ATP6V0E1,211
ATP6V1A,212
ATP6V1B2,213
ATP6V1C1,214
ATP6V1C2,215
ATP6V1D,216
ATP6V1E1,217
ATP6V1E2,218
ATP6V1F,219
ATP6V1G1,220
ATP6V1G2,221
ATP6V1H,222
ATR,223
ATRIP,224
ATXN1,225
ATXN1L,226
AURKA,227
AVP,228
AVPR1B,229
AXIN1,230
AXIN2,231
AXL,232
AZI2,233
BABAM1,234
BAD,235
BAIAP2,236
BAMBI,237
BARD1,238
BATF2,239
BATF3,240
BAX,241
BBC3,242
BCAR1,243
BCL10,244
BCL2,245
BCL2L1,246
BCL2L11,247
BCL2L13,248
BCL2L2,249
BCL3,250
BCL6,251
BCR,252
BDKRB2,253
BDNF,254
BECN1,255
BET1,256
BET1L,257
BGLAP,258
BHLHE40,259
BHLHE41,260
BID,261
BIN1,262
BIRC2,263
BIRC5,264
BIRC7,265
BLM,266
BMI1,267
BMP2,268
BMP3,269
BMP4,270
BMP6,271
BMP7,272
BMP8A,273
BMP8B,274
BMPR1A,275
BMPR1B,276
BMPR2,277
BNIP1,278
BNIP3,279
BNIP3L,280
BOC,281
BRAF,282
BRAP,283
BRCA1,284
BRCA2,285
BRIP1,286
BRK1,287
BTC,288
BTG1,289
BTG2,290
BTG3,291
BTG4,292
BUB1,293
BVES,294
C1QB,295
C1QC,296
C1R,297
C2,298
C5,299
C5AR1,300
CAB39,301
CAB39L,302
CACNA1A,303
CACNA1B,304
CACNA1C,305
CACNA1D,306
CACNA1E,307
CACNA1G,308
CACNA1H,309
CACNA2D1,310
CACNA2D2,311
CACNA2D3,312
CACNA2D4,313
CACNB1,314
CACNB2,315
CACNB3,316
CACNB4,317
CACNG1,318
CACNG2,319
CACNG3,320
CACNG4,321
CACNG6,322
CACNG7,323
CACYBP,324
CALB1,325
CALCA,326
CALCB,327
CALCOCO2,328
CALCR,329
CALHM1,330
CALM1,331
CALM2,332
CALM3,333
CALML3,334
CALR,335
CALY,336
CAMK1,337
CAMK1D,338
CAMK2A,339
CAMK2B,340
CAMK2D,341
CAMK2G,342
CAMK4,343
CAMKK1,344
CAMKK2,345
CAMP,346
CAPN1,347
CAPN2,348
CARD10,349
CARD11,350
CARD14,351
CARD9,352
CARM1,353
CASC3,354
CASP2,355
CASP3,356
CASP4,357
CASP6,358
CASP7,359
CASP9,360
CASQ1,361
CASR,362
CAT,363
CAV1,364
CAV2,365
CAV3,366
CBL,367
CBLB,368
CBLC,369
CBR4,370
CCDC6,371
CCK,372
CCKAR,373
CCKBR,374
CCL22,375
CCL24,376
CCL25,377
CCL5,378
CCNA1,379
CCNB1,380
CCNB2,381
CCND1,382
CCND2,383
CCND3,384
CCNE1,385
CCNE2,386
CCNG1,387
CCNH,388
CCR10,389
CCR7,390
CD1A,391
CD274,392
CD38,393
CD3D,394
CD3G,395
CD40,396
CD44,397
CD47,398
CD58,399
CD63,400
CD72,401
CD74,402
CD79B,403
CD82,404
CD8A,405
CD8B,406
CDC14A,407
CDC14B,408
CDC16,409
CDC20,410
CDC23,411
CDC25A,412
CDC25B,413
CDC25C,414
CDC26,415
CDC27,416
CDC37,417
CDC42,418
CDC45,419
CDC6,420
CDC7,421
CDH1,422
CDH5,423
CDK1,424
CDK2,425
CDK4,426
CDK5,427
CDK5R1,428
CDK6,429
CDKN1A,430
CDKN1B,431
CDKN1C,432
CDKN2A,433
CDKN2B,434
CDKN2C,435
CDKN2D,436
CEBPA,437
CEBPB,438
CEBPG,439
CETP,440
CFB,441
CFD,442
CFL1,443
CFL2,444
CFLAR,445
CFTR,446
CGN,447
CGNL1,448
CHAD,449
CHD4,450
CHD8,451
CHEK1,452
CHEK2,453
CHKA,454
CHKB,455
CHMP1A,456
CHMP1B,457
CHMP2A,458
CHMP2B,459
CHMP4B,460
CHMP4C,461
CHMP5,462
CHMP7,463
CHRD,464
CHRM1,465
CHRM3,466
CHRNA3,467
CHRNA4,468
CHRNA7,469
CHRNB2,470
CHUK,471
CIR1,472
CISH,473
CITED2,474
CKS1B,475
CKS2,476
CLCF1,477
CLDN1,478
CLDN10,479
CLDN11,480
CLDN14,481
CLDN15,482
CLDN18,483
CLDN19,484
CLDN23,485
CLDN24,486
CLDN3,487
CLDN4,488
CLDN5,489
CLDN6,490
CLDN7,491
CLDN9,492
CLIP1,493
CLOCK,494
CLP1,495
CLTA,496
CLTB,497
CNGB1,498
CNOT7,499
CNOT8,500
CNR1,501
CNTFR,502
CNTN1,503
CNTN2,504
CNTNAP2,505
COL1A1,506
COL1A2,507
COL2A1,508
COL4A1,509
COL4A2,510
COL4A3,511
COL4A4,512
COL6A2,513
COL6A3,514
COL9A1,515
COL9A2,516
COL9A3,517
COMP,518
CORT,519
CPEB1,520
CPEB2,521
CPEB3,522
CPEB4,523
CPSF1,524
CPSF2,525
CPSF3,526
CPSF4,527
CPSF6,528
CPSF7,529
CPT1A,530
CPT1B,531
CPT1C,532
CPT2,533
CR2,534
CREB1,535
CREB3,536
CREB3L1,537
CREB3L2,538
CREB3L3,539
CREB3L4,540
CREB5,541
CREBBP,542
CREM,543
CRHR1,544
CRHR2,545
CRK,546
CRKL,547
CRTC2,548
CRY1,549
CRY2,550
CRYAB,551
CSF1R,552
CSF3,553
CSK,554
CSNK1A1,555
CSNK1D,556
CSNK1E,557
CSNK1G1,558
CSNK1G2,559
CSNK1G3,560
CSNK2A2,561
CSNK2B,562
CSTF1,563
CSTF2T,564
CSTF3,565
CTBP1,566
CTBP2,567
CTF1,568
CTNNA1,569
CTNNA2,570
CTNNB1,571
CTNNBIP1,572
CTNND2,573
CTSB,574
CTSC,575
CTSD,576
CTSH,577
CTSO,578
CTSZ,579
CTTN,580
CTU1,581
CTU2,582
CUL1,583
CUL2,584
CUL3,585
CUL4A,586
CX3CL1,587
CX3CR1,588
CXCL1,589
CXCL12,590
CXCL14,591
CXCL16,592
CXCL2,593
CXCL3,594
CXCR4,595
CXCR5,596
CXXC4,597
CYBA,598
CYCS,599
CYFIP1,600
CYFIP2,601
CYLD,602
CYP17A1,603
CYP24A1,604
CYP27A1,605
CYTH1,606
CYTH2,607
CYTH3,608
DAAM1,609
DAAM2,610
DAB2IP,611
DAD1,612
DAG1,613
DAPK1,614
DAPK2,615
DAPK3,616
DAXX,617
DAZAP1,618
DBF4,619
DBI,620
DCC,621
DCHS2,622
DCT,623
DDB1,624
DDB2,625
DDIT3,626
DDIT4,627
DDOST,628
DDX20,629
DDX5,630
DDX58,631
DEPDC5,632
DERL1,633
DFFA,634
DHH,635
DHX33,636
DHX58,637
DIABLO,638
DIAPH1,639
DIAPH3,640
DICER1,641
DKK1,642
DKK2,643
DLG1,644
DLG2,645
DLG4,646
DLGAP1,647
DLL1,648
DLL3,649
DLL4,650
DNAJB1,651
DNAJC3,652
DNM1,653
DNM1L,654
DNM3,655
DNMT1,656
DOCK1,657
DOCK2,658
DOCK4,659
DPF1,660
DPF3,661
DPM1,662
DPM2,663
DPM3,664
DPYSL2,665
DPYSL5,666
DRD1,667
DRD2,668
DRD4,669
DRD5,670
DROSHA,671
DSC2,672
DSG2,673
DTX1,674
DTX3,675
DTX3L,676
DTX4,677
DUSP1,678
DUSP10,679
DUSP16,680
DUSP2,681
DUSP3,682
DUSP4,683
DUSP5,684
DUSP6,685
DUSP7,686
DUSP8,687
DVL1,688
DVL3,689
DYNC1H1,690
DYNC1I1,691
DYNC1I2,692
DYNC1LI1,693
DYNC1LI2,694
E2F1,695
E2F2,696
E2F3,697
E2F4,698
E2F5,699
EBAG9,700
ECSIT,701
EDARADD,702
EDN1,703
EDN2,704
EDN3,705
EDNRB,706
EEA1,707
EEF1A1,708
EEF1A2,709
EEF2,710
EEF2K,711
EFNA1,712
EFNA2,713
EFNA3,714
EFNA4,715
EFNA5,716
EFNB2,717
EFNB3,718
EGFR,719
EGLN2,720
EGLN3,721
EGR1,722
EGR2,723
EGR3,724
EHD1,725
EHD2,726
EHHADH,727
EHMT1,728
EHMT2,729
EI24,730
EIF1B,731
EIF2AK1,732
EIF2AK2,733
EIF2AK3,734
EIF2AK4,735
EIF2B1,736
EIF2B2,737
EIF2B3,738
EIF2B4,739
EIF2B5,740
EIF2S1,741
EIF2S2,742
EIF3A,743
EIF3B,744
EIF3D,745
EIF3F,746
EIF3H,747
EIF3J,748
EIF4A1,749
EIF4A2,750
EIF4A3,751
EIF4B,752
EIF4E,753
EIF4E1B,754
EIF4E2,755
EIF4EBP1,756
EIF4EBP2,757
EIF4G1,758
EIF4G2,759
EIF4G3,760
EIF5,761
ELAVL1,762
ELF5,763
ELMO1,764
ELMO2,765
ELMO3,766
ENAH,767
ENO1,768
ENO2,769
ENO3,770
ENO4,771
ENTPD3,772
ENTPD8,773
EP300,774
EPAS1,775
EPB41L4B,776
EPHA1,777
EPHA2,778
EPHA4,779
EPHA5,780
EPHA6,781
EPHA7,782
EPHA8,783
EPHB1,784
EPHB2,785
EPHB3,786
EPHB4,787
EPHB6,788
EPN1,789
EPN3,790
EPO,791
EPOR,792
EPS15,793
EPS15L1,794
ERBB2,795
ERBB3,796
ERBB4,797
EREG,798
ERN1,799
ESPL1,800
ESR1,801
ESR2,802
ETF1,803
ETS1,804
ETS2,805
EVC,806
EVC2,807
EVL,808
EXOC2,809
EXOC7,810
EZR,811
F10,812
F11R,813
F2R,814
F2RL1,815
F3,816
F5,817
F7,818
FABP3,819
FADD,820
FADS2,821
FAF1,822
FAN1,823
FANCA,824
FANCC,825
FANCD2,826
FANCE,827
FANCF,828
FANCG,829
FANCI,830
FANCL,831
FANCM,832
FARP2,833
FAS,834
FASN,835
FAT4,836
FBP1,837
FBXL3,838
FBXO25,839
FBXO32,840
FBXO43,841
FBXO5,842
FBXW11,843
FCER2,844
FCGR2A,845
FDPS,846
FER,847
FERMT3,848
FES,849
FFAR1,850
FFAR2,851
FGD3,852
FGF1,853
FGF10,854
FGF17,855
FGF18,856
FGF19,857
FGF2,858
FGF20,859
FGF22,860
FGF3,861
FGF4,862
FGF5,863
FGF6,864
FGF8,865
FGF9,866
FGFR1,867
FGFR2,868
FGFR3,869
FGFR4,870
FGR,871
FHL2,872
FIP1L1,873
FIS1,874
FLCN,875
FLNB,876
FLNC,877
FLOT1,878
FLOT2,879
FLT1,880
FLT3,881
FLT3LG,882
FLT4,883
FN1,884
FNIP1,885
FNIP2,886
FOS,887
FOSB,888
FOSL1,889
FOSL2,890
FOXA2,891
FOXM1,892
FOXO1,893
FOXO3,894
FOXP1,895
FRAS1,896
FRAT1,897
FRAT2,898
FREM1,899
FRMD1,900
FRMD6,901
FRS2,902
FST,903
FTH1,904
FTL,905
FXR1,906
FXR2,907
FXYD1,908
FXYD2,909
FXYD4,910
FYN,911
FZD1,912
FZD10,913
FZD2,914
FZD3,915
FZD4,916
FZD5,917
FZD6,918
FZD7,919
FZD8,920
FZD9,921
FZR1,922
G6PC3,923
GAB1,924
GAB2,925
GABARAP,926
GABBR1,927
GABBR2,928
GABRA1,929
GABRA2,930
GABRA4,931
GABRA5,932
GABRB1,933
GABRB2,934
GABRB3,935
GABRD,936
GABRG3,937
GABRP,938
GADD45A,939
GADD45B,940
GADD45G,941
GAL,942
GALR1,943
GALR2,944
GALR3,945
GAPDH,946
GAS1,947
GAS6,948
GATA3,949
GATA4,950
GCGR,951
GCK,952
GDF1,953
GDF10,954
GDF11,955
GDF5,956
GDF6,957
GDF7,958
GDF9,959
GEMIN2,960
GEMIN4,961
GEMIN5,962
GEMIN7,963
GFAP,964
GH1,965
GHR,966
GHRL,967
GHSR,968
GIT1,969
GIT2,970
GJD2,971
GLI1,972
GLI2,973
GLI3,974
GLP1R,975
GLS,976
GLS2,977
GNA11,978
GNA12,979
GNA13,980
GNA14,981
GNA15,982
GNAI1,983
GNAI2,984
GNAI3,985
GNAL,986
GNAO1,987
GNAQ,988
GNAS,989
GNAT1,990
GNAZ,991
GNB1,992
GNB2,993
GNB3,994
GNB4,995
GNB5,996
GNG10,997
GNG11,998
GNG13,999
GNG4,1000
GNG5,1001
GNG7,1002
GNG8,1003
GNGT2,1004
GOSR2,1005
GP1BA,1006
GP1BB,1007
GP9,1008
GPAA1,1009
GPC1,1010
GPR161,1011
GPR83,1012
GPSM1,1013
GRB10,1014
GRB2,1015
GREM1,1016
GRIA1,1017
GRIA2,1018
GRIA4,1019
GRIN1,1020
GRIN2A,1021
GRIN2B,1022
GRIN2C,1023
GRIN2D,1024
GRIN3A,1025
GRIN3B,1026
GRK1,1027
GRK4,1028
GRK5,1029
GRK6,1030
GRK7,1031
GRM1,1032
GRM2,1033
GRM3,1034
GRM4,1035
GRM8,1036
GRP,1037
GSDMD,1038
GSK3A,1039
GSK3B,1040
GSN,1041
GSPT1,1042
GSTA4,1043
GSTM1,1044
GSTM4,1045
GSTM5,1046
GSTO1,1047
GSTO2,1048
GSTP1,1049
GTF2I,1050
GTF2IRD1,1051
GTSE1,1052
GUCY2D,1053
GYS1,1054
HAP1,1055
HBEGF,1056
HBS1L,1057
HCAR1,1058
HCK,1059
HCRT,1060
HCRTR1,1061
HDAC1,1062
HDAC2,1063
HDAC3,1064
HDAC4,1065
HDAC5,1066
HES1,1067
HES2,1068
HES4,1069
HES5,1070
HES6,1071
HES7,1072
HEY1,1073
HEY2,1074
HEYL,1075
HGS,1076
HHEX,1077
HHIP,1078
HIF1A,1079
HIP1,1080
HIPK1,1081
HIPK2,1082
HIPK3,1083
HK1,1084
HKDC1,1085
HLA-B,1086
HLA-C,1087
HLA-DPA1,1088
HLA-E,1089
HLA-F,1090
HMGA2,1091
HMGB1,1092
HMGCR,1093
HMGCS1,1094
HMOX1,1095
HNF1B,1096
HNF4A,1097
HOMER1,1098
HOMER2,1099
HOMER3,1100
HOXD10,1101
HPSE,1102
HPSE2,1103
HRAS,1104
HRH1,1105
HRH2,1106
HRK,1107
HSD17B8,1108
HSF1,1109
HSP90AA1,1110
HSP90AB1,1111
HSP90B1,1112
HSPA1A,1113
HSPA1B,1114
HSPA1L,1115
HSPA2,1116
HSPA4,1117
HSPA5,1118
HSPA6,1119
HSPA8,1120
HSPA9,1121
HSPG2,1122
HTR1A,1123
HTR1B,1124
HTR1E,1125
HTR1F,1126
HTR2A,1127
HTR5A,1128
HTR6,1129
HTR7,1130
HTRA2,1131
HTT,1132
HUS1,1133
ICAM1,1134
ICAM2,1135
ID1,1136
ID2,1137
ID4,1138
IFIH1,1139
IFNAR1,1140
IFNAR2,1141
IFNGR1,1142
IFNGR2,1143
IGF1R,1144
IGF2,1145
IGF2BP1,1146
IGFALS,1147
IGFBP3,1148
IHH,1149
IKBKB,1150
IL10RA,1151
IL10RB,1152
IL11,1153
IL11RA,1154
IL12A,1155
IL12B,1156
IL12RB1,1157
IL13,1158
IL15,1159
IL15RA,1160
IL17B,1161
IL17D,1162
IL17RA,1163
IL17RB,1164
IL17RC,1165
IL18R1,1166
IL1R1,1167
IL1RAP,1168
IL1RL2,1169
IL1RN,1170
IL20RA,1171
IL20RB,1172
IL22RA1,1173
IL27,1174
IL27RA,1175
IL2RB,1176
IL3,1177
IL31,1178
IL33,1179
IL4R,1180
IL6R,1181
IL6ST,1182
ILK,1183
INHA,1184
INHBB,1185
INS,1186
INSR,1187
INSRR,1188
INVS,1189
IQGAP1,1190
IQGAP2,1191
IQGAP3,1192
IRAK2,1193
IRAK3,1194
IRAK4,1195
IRF1,1196
IRF3,1197
IRF4,1198
IRF5,1199
IRF7,1200
IRF8,1201
IRGM,1202
IRS1,1203
IRS2,1204
ITCH,1205
ITGA1,1206
ITGA11,1207
ITGA2,1208
ITGA3,1209
ITGA4,1210
ITGA5,1211
ITGA6,1212
ITGA7,1213
ITGA9,1214
ITGAV,1215
ITGAX,1216
ITGB1,1217
ITGB2,1218
ITGB3,1219
ITGB4,1220
ITGB5,1221
ITGB8,1222
ITPR1,1223
ITPR2,1224
ITPR3,1225
JAG1,1226
JAG2,1227
JAK1,1228
JAK2,1229
JAK3,1230
JAM3,1231
JMJD7-PLA2G4B,1232
JUN,1233
JUNB,1234
JUND,1235
JUP,1236
KAT2A,1237
KCNE1,1238
KCNJ1,1239
KCNJ11,1240
KCNJ12,1241
KCNJ2,1242
KCNJ3,1243
KCNJ4,1244
KCNJ5,1245
KCNJ6,1246
KCNK2,1247
KCNK3,1248
KCNK9,1249
KCNMA1,1250
KCNMB3,1251
KCNMB4,1252
KCNN1,1253
KCNN2,1254
KCNN3,1255
KCNQ1,1256
KDM1A,1257
KDM3A,1258
KDM3B,1259
KDR,1260
KEAP1,1261
KIDINS220,1262
KIF3A,1263
KIF5B,1264
KIF5C,1265
KIF7,1266
KISS1,1267
KISS1R,1268
KIT,1269
KITLG,1270
KL,1271
KLC1,1272
KLC2,1273
KLC3,1274
KLC4,1275
KLF2,1276
KLF4,1277
KLRD1,1278
KPNB1,1279
KRAS,1280
KRIT1,1281
KRT15,1282
KRT16,1283
KRT18,1284
KRT19,1285
KRT24,1286
KRT32,1287
KRT9,1288
KSR1,1289
KSR2,1290
LAMA1,1291
LAMA2,1292
LAMA3,1293
LAMA4,1294
LAMA5,1295
LAMB1,1296
LAMB2,1297
LAMB3,1298
LAMC1,1299
LAMC2,1300
LAMC3,1301
LAMP1,1302
LAMTOR2,1303
LAT,1304
LATS1,1305
LATS2,1306
LCAT,1307
LCK,1308
LDHA,1309
LDHAL6A,1310
LDHB,1311
LDHC,1312
LDLR,1313
LEF1,1314
LEP,1315
LEPR,1316
LFNG,1317
LGR4,1318
LGR5,1319
LGR6,1320
LHB,1321
LHCGR,1322
LIF,1323
LIFR,1324
LILRA4,1325
LILRA6,1326
LILRB4,1327
LIMD1,1328
LIMK1,1329
LIMK2,1330
LIN37,1331
LIN52,1332
LIN54,1333
LIN9,1334
LLGL1,1335
LLGL2,1336
LMNA,1337
LMNB1,1338
LMNB2,1339
LMO7,1340
LPAR1,1341
LPAR2,1342
LPAR3,1343
LPAR5,1344
LPIN1,1345
LRP1,1346
LRP2,1347
LRP5,1348
LRP6,1349
LRPAP1,1350
LRRC4,1351
LRRC4B,1352
LRRC4C,1353
LSP1,1354
LTA,1355
LTB4R2,1356
LTBP1,1357
LTBR,1358
LYL1,1359
LYN,1360
MAD1L1,1361
MAD2L1,1362
MAD2L2,1363
MADCAM1,1364
MAF,1365
MAFA,1366
MAGI1,1367
MAGI2,1368
MAGI3,1369
MAGOH,1370
MAGOHB,1371
MALT1,1372
MAML1,1373
MAML2,1374
MAN1A1,1375
MAN1A2,1376
MAN1B1,1377
MAN1C1,1378
MAN2A1,1379
MAN2A2,1380
MAP2K1,1381
MAP2K2,1382
MAP2K3,1383
MAP2K4,1384
MAP2K5,1385
MAP2K6,1386
MAP2K7,1387
MAP3K1,1388
MAP3K11,1389
MAP3K12,1390
MAP3K13,1391
MAP3K14,1392
MAP3K3,1393
MAP3K4,1394
MAP3K5,1395
MAP3K6,1396
MAP3K7,1397
MAP3K8,1398
MAP4K2,1399
MAP4K3,1400
MAP4K4,1401
MAPK1,1402
MAPK11,1403
MAPK12,1404
MAPK13,1405
MAPK14,1406
MAPK3,1407
MAPK7,1408
MAPK8,1409
MAPK8IP1,1410
MAPK8IP2,1411
MAPK8IP3,1412
MAPK9,1413
MAPKAP1,1414
MAPKAPK2,1415
MAPKAPK3,1416
MAPKAPK5,1417
MAPT,1418
MARCKSL1,1419
MARVELD2,1420
MARVELD3,1421
MASP1,1422
MATK,1423
MAVS,1424
MAX,1425
MC2R,1426
MCM2,1427
MCM3,1428
MCM4,1429
MCM5,1430
MCM6,1431
MCM7,1432
MDM2,1433
MDM4,1434
ME1,1435
MECOM,1436
MED1,1437
MED12L,1438
MED13,1439
MED13L,1440
MED16,1441
MED24,1442
MED30,1443
MED4,1444
MEF2A,1445
MEF2B,1446
MEF2C,1447
MEF2D,1448
MEGF8,1449
MEN1,1450
MET,1451
MFN1,1452
MFN2,1453
MFNG,1454
MGAT1,1455
MGAT2,1456
MGRN1,1457
MGST3,1458
MICALL2,1459
MIR1-1,1460
MIR106B,1461
MIR107,1462
MIR10A,1463
MIR10B,1464
MIR124-2,1465
MIR124-3,1466
MIR125A,1467
MIR126,1468
MIR128-2,1469
MIR129-2,1470
MIR133A2,1471
MIR135A1,1472
MIR145,1473
MIR152,1474
MIR181C,1475
MIR181D,1476
MIR183,1477
MIR193B,1478
MIR199A1,1479
MIR200A,1480
MIR200B,1481
MIR200C,1482
MIR205,1483
MIR210,1484
MIR23A,1485
MIR26A2,1486
MIR326,1487
MIR330,1488
MIR345,1489
MIR34A,1490
MIR34B,1491
MIR373,1492
MIR520H,1493
MIR602,1494
MIR7-3,1495
MIR9-1,1496
MIR9-2,1497
MIRLET7E,1498
MIRLET7G,1499
MIRLET7I,1500
MITF,1501
MKNK1,1502
MKNK2,1503
MLH1,1504
MLST8,1505
MLX,1506
MLXIP,1507
MLXIPL,1508
MLYCD,1509
MMP15,1510
MMP16,1511
MMP17,1512
MMP2,1513
MMP24,1514
MMP25,1515
MNX1,1516
MOB1A,1517
MOB1B,1518
MOCS2,1519
MOCS3,1520
MOS,1521
MPDZ,1522
MPP5,1523
MPST,1524
MRAS,1525
MRC2,1526
MRVI1,1527
MSI1,1528
MSI2,1529
MTNR1A,1530
MTOR,1531
MX1,1532
MYB,1533
MYBL2,1534
MYC,1535
MYD88,1536
MYH10,1537
MYH11,1538
MYH14,1539
MYH3,1540
MYH7B,1541
MYH9,1542
MYL12A,1543
MYL12B,1544
MYL2,1545
MYL5,1546
MYL6,1547
MYL6B,1548
MYL9,1549
MYLIP,1550
MYLK,1551
MYLK3,1552
MYLPF,1553
MYO10,1554
MYO1B,1555
MYO1C,1556
MYO1D,1557
MYO1E,1558
MYO1F,1559
MYO5A,1560
MYO5B,1561
MYO5C,1562
MYO6,1563
NACA,1564
NAE1,1565
NBL1,1566
NBR1,1567
NCALD,1568
NCAM1,1569
NCAM2,1570
NCBP1,1571
NCBP2,1572
NCK1,1573
NCK2,1574
NCKAP1,1575
NCOA1,1576
NCOA2,1577
NCOA3,1578
NCOA4,1579
NCOR1,1580
NCOR2,1581
NCSTN,1582
NDUFA10,1583
NDUFA11,1584
NDUFA12,1585
NDUFA13,1586
NDUFA2,1587
NDUFA3,1588
NDUFA4,1589
NDUFA4L2,1590
NDUFA6,1591
NDUFA7,1592
NDUFA8,1593
NDUFA9,1594
NDUFAB1,1595
NDUFB1,1596
NDUFB10,1597
NDUFB2,1598
NDUFB3,1599
NDUFB5,1600
NDUFB6,1601
NDUFB7,1602
NDUFB9,1603
NDUFC1,1604
NDUFS1,1605
NDUFS2,1606
NDUFS3,1607
NDUFS5,1608
NDUFS6,1609
NDUFS7,1610
NDUFS8,1611
NDUFV1,1612
NDUFV2,1613
NDUFV3,1614
NEDD4,1615
NEDD4L,1616
NEFH,1617
NEFM,1618
NEO1,1619
NEUROD1,1620
NEUROG3,1621
NF1,1622
NF2,1623
NFASC,1624
NFATC1,1625
NFATC2,1626
NFATC3,1627
NFATC4,1628
NFE2L2,1629
NFKB1,1630
NFKB2,1631
NFKBIA,1632
NFKBIB,1633
NFKBIZ,1634
NFS1,1635
NFYA,1636
NFYB,1637
NGEF,1638
NGF,1639
NGFR,1640
NKD1,1641
NKD2,1642
NKX2-2,1643
NKX6-1,1644
NLGN1,1645
NLK,1646
NLRC4,1647
NLRP6,1648
NLRX1,1649
NMB,1650
NMBR,1651
NMU,1652
NMUR1,1653
NOD1,1654
NOD2,1655
NODAL,1656
NOG,1657
NOS1,1658
NOS1AP,1659
NOS3,1660
NOTCH1,1661
NOTCH3,1662
NOTUM,1663
NOX4,1664
NPAS2,1665
NPB,1666
NPBWR1,1667
NPBWR2,1668
NPC1,1669
NPLOC4,1670
NPNT,1671
NPPB,1672
NPPC,1673
NPR1,1674
NPR2,1675
NPRL2,1676
NPRL3,1677
NPY,1678
NPY1R,1679
NPY2R,1680
NPY5R,1681
NQO1,1682
NR1D1,1683
NR1H2,1684
NR1H3,1685
NR3C2,1686
NR4A1,1687
NR4A2,1688
NR5A1,1689
NR5A2,1690
NRCAM,1691
NRF1,1692
NRG1,1693
NRG2,1694
NRG3,1695
NRP1,1696
NRXN1,1697
NRXN2,1698
NRXN3,1699
NSMAF,1700
NTF3,1701
NTF4,1702
NTN1,1703
NTNG1,1704
NTNG2,1705
NTRK1,1706
NTRK2,1707
NTRK3,1708
NTSR1,1709
NUDT16L1,1710
NUDT21,1711
NUMB,1712
NUMBL,1713
NUP107,1714
NUP133,1715
NUP155,1716
NUP188,1717
NUP214,1718
NUP35,1719
NUP54,1720
NUP62,1721
NUP88,1722
NUP93,1723
NUP98,1724
NXF1,1725
NXT1,1726
OAS2,1727
OAS3,1728
OASL,1729
OCLN,1730
ONECUT1,1731
OPRD1,1732
OPRK1,1733
OPRL1,1734
OPTN,1735
OR10G7,1736
OR2L13,1737
OR2V2,1738
OR2Z1,1739
OR3A3,1740
OR4D5,1741
OR51F1,1742
OR5I1,1743
OR6B2,1744
OR6B3,1745
OR6K6,1746
OR8B8,1747
ORAI1,1748
ORAI2,1749
ORAI3,1750
ORC1,1751
ORC2,1752
ORC3,1753
ORC4,1754
ORC5,1755
ORC6,1756
OSBPL5,1757
OSCAR,1758
OSM,1759
OSMR,1760
OXT,1761
OXTR,1762
P2RY1,1763
P2RY2,1764
PABPC1,1765
PABPC1L,1766
PABPC3,1767
PABPC4,1768
PAIP1,1769
PAK1,1770
PAK2,1771
PAK4,1772
PAK6,1773
PALB2,1774
PAN2,1775
PAN3,1776
PARD3,1777
PARD6A,1778
PARD6B,1779
PARD6G,1780
PARP1,1781
PARP2,1782
PARP3,1783
PARP4,1784
PARVA,1785
PARVB,1786
PARVG,1787
PAX6,1788
PBRM1,1789
PBX1,1790
PCF11,1791
PCK2,1792
PCLO,1793
PCNA,1794
PCSK9,1795
PCYT1A,1796
PDCD1,1797
PDCD6IP,1798
PDE10A,1799
PDE1B,1800
PDE1C,1801
PDE3A,1802
PDE3B,1803
PDE4A,1804
PDE4B,1805
PDE4C,1806
PDE4D,1807
PDE6B,1808
PDE6G,1809
PDGFA,1810
PDGFB,1811
PDGFC,1812
PDGFD,1813
PDGFRA,1814
PDHB,1815
PDIA3,1816
PDK1,1817
PDPK1,1818
PDX1,1819
PDYN,1820
PECAM1,1821
PELO,1822
PENK,1823
PER1,1824
PER2,1825
PER3,1826
PERP,1827
PEX14,1828
PEX5,1829
PEX5L,1830
PF4V1,1831
PFKFB2,1832
PFKFB3,1833
PFKFB4,1834
PFKL,1835
PFKM,1836
PFKP,1837
PFN1,1838
PFN2,1839
PFN3,1840
PFN4,1841
PGAM1,1842
PGAM2,1843
PGAM5,1844
PGF,1845
PGR,1846
PHAX,1847
PHF10,1848
PHKB,1849
PHKG1,1850
PHKG2,1851
PHLPP1,1852
PIAS1,1853
PIAS2,1854
PIAS3,1855
PIAS4,1856
PIGC,1857
PIGF,1858
PIGH,1859
PIGK,1860
PIGM,1861
PIGO,1862
PIGP,1863
PIGQ,1864
PIGT,1865
PIGX,1866
PIK3AP1,1867
PIK3C3,1868
PIK3CA,1869
PIK3CD,1870
PIK3R1,1871
PIK3R2,1872
PIK3R3,1873
PIK3R4,1874
PIK3R5,1875
PIKFYVE,1876
PILRA,1877
PIM1,1878
PIN1,1879
PINK1,1880
PIP4K2A,1881
PIP4K2B,1882
PIP4K2C,1883
PIP5K1B,1884
PITX2,1885
PKIA,1886
PKM,1887
PKMYT1,1888
PKN1,1889
PKN3,1890
PLA2G12A,1891
PLA2G2E,1892
PLA2G4B,1893
PLA2G4F,1894
PLA2G6,1895
PLA2R1,1896
PLAT,1897
PLAU,1898
PLAUR,1899
PLCB1,1900
PLCB2,1901
PLCB3,1902
PLCB4,1903
PLCD1,1904
PLCD3,1905
PLCE1,1906
PLCG1,1907
PLCG2,1908
PLCL1,1909
PLD1,1910
PLD2,1911
PLEKHM2,1912
PLIN2,1913
PLIN4,1914
PLIN5,1915
PLK1,1916
PLK2,1917
PLK3,1918
PLK4,1919
PLTP,1920
PLXNA2,1921
PLXNA4,1922
PLXNB1,1923
PLXNB2,1924
PLXNC1,1925
PMAIP1,1926
PML,1927
PMS2,1928
PNN,1929
PNPLA2,1930
POLB,1931
POLK,1932
POMC,1933
PPARA,1934
PPARD,1935
PPARG,1936
PPARGC1A,1937
PPARGC1B,1938
PPIF,1939
PPM1A,1940
PPM1B,1941
PPM1D,1942
PPP1CA,1943
PPP1CB,1944
PPP1CC,1945
PPP1R12A,1946
PPP1R12B,1947
PPP1R12C,1948
PPP1R14A,1949
PPP1R15A,1950
PPP1R1A,1951
PPP1R1B,1952
PPP1R3B,1953
PPP1R3C,1954
PPP1R3D,1955
PPP1R3E,1956
PPP2CA,1957
PPP2CB,1958
PPP2R1A,1959
PPP2R2A,1960
PPP2R2C,1961
PPP2R2D,1962
PPP2R3A,1963
PPP2R3C,1964
PPP2R5A,1965
PPP2R5B,1966
PPP2R5C,1967
PPP2R5E,1968
PPP3CA,1969
PPP3CC,1970
PPP3R1,1971
PPP3R2,1972
PPP4C,1973
PPY,1974
PRAP1,1975
PRDM16,1976
PRDM4,1977
PREB,1978
PREX1,1979
PRICKLE1,1980
PRICKLE4,1981
PRKAA1,1982
PRKAA2,1983
PRKAB1,1984
PRKAB2,1985
PRKACA,1986
PRKACB,1987
PRKACG,1988
PRKAG1,1989
PRKAG2,1990
PRKAG3,1991
PRKCA,1992
PRKCB,1993
PRKCD,1994
PRKCE,1995
PRKCG,1996
PRKCH,1997
PRKCI,1998
PRKCQ,1999
PRKCZ,2000
PRKD1,2001
PRKD2,2002
PRKDC,2003
PRKG1,2004
PRKG2,2005
PRMT1,2006
PRNP,2007
PROC,2008
PROCR,2009
PRR5,2010
PRSS3,2011
PSEN1,2012
PSEN2,2013
PSENEN,2014
PSMC1,2015
PSME1,2016
PSME2,2017
PSME3,2018
PTAFR,2019
PTCH1,2020
PTCH2,2021
PTCRA,2022
PTEN,2023
PTGER1,2024
PTGER2,2025
PTGER4,2026
PTGIR,2027
PTGS1,2028
PTGS2,2029
PTH1R,2030
PTH2,2031
PTH2R,2032
PTHLH,2033
PTK2,2034
PTK2B,2035
PTPN1,2036
PTPN11,2037
PTPN13,2038
PTPN2,2039
PTPN5,2040
PTPN6,2041
PTPN7,2042
PTPRB,2043
PTPRF,2044
PTPRM,2045
PTPRZ1,2046
PXN,2047
PYCARD,2048
PYDC1,2049
PYGB,2050
PYGL,2051
PYGM,2052
PYY,2053
RAB10,2054
RAB11A,2055
RAB11B,2056
RAB11FIP1,2057
RAB11FIP2,2058
RAB11FIP5,2059
RAB13,2060
RAB14,2061
RAB2A,2062
RAB33B,2063
RAB3A,2064
RAB4A,2065
RAB5B,2066
RAB5C,2067
RAB7A,2068
RAB8A,2069
RAB8B,2070
RAC1,2071
RAC3,2072
RAD1,2073
RAD50,2074
RAD51,2075
RAD51C,2076
RAD9A,2077
RAD9B,2078
RAE1,2079
RAF1,2080
RALA,2081
RALB,2082
RALBP1,2083
RALGDS,2084
RAMP1,2085
RAMP2,2086
RAMP3,2087
RAN,2088
RANBP2,2089
RANGAP1,2090
RAP1A,2091
RAP1B,2092
RAP1GAP,2093
RAPGEF1,2094
RAPGEF2,2095
RAPGEF3,2096
RAPGEF4,2097
RAPGEF5,2098
RAPGEF6,2099
RARA,2100
RARB,2101
RASA1,2102
RASA2,2103
RASA3,2104
RASAL1,2105
RASAL2,2106
RASD1,2107
RASGRF1,2108
RASGRF2,2109
RASGRP1,2110
RASGRP2,2111
RASGRP3,2112
RASGRP4,2113
RASSF1,2114
RASSF2,2115
RASSF4,2116
RASSF5,2117
RB1,2118
RB1CC1,2119
RBBP4,2120
RBBP5,2121
RBBP8,2122
RBCK1,2123
RBL2,2124
RBM8A,2125
RBPJ,2126
RBPJL,2127
RBX1,2128
RCAN1,2129
RCAN2,2130
RCHY1,2131
RCVRN,2132
RDX,2133
REC8,2134
REL,2135
RELA,2136
RELB,2137
RELN,2138
REST,2139
RET,2140
RFNG,2141
RFX5,2142
RFXANK,2143
RGL1,2144
RGL2,2145
RGMA,2146
RGMB,2147
RGS2,2148
RGS3,2149
RGS9,2150
RHEB,2151
RHOA,2152
RHOD,2153
RHOG,2154
RHOQ,2155
RHOT1,2156
RHOT2,2157
RICTOR,2158
RILP,2159
RIMS1,2160
RIMS2,2161
RIN1,2162
RIPK1,2163
RIPK2,2164
RMI1,2165
RMI2,2166
RNASEL,2167
RND1,2168
RNF125,2169
RNF152,2170
RNF31,2171
RNF41,2172
RNF7,2173
RNPS1,2174
ROBO1,2175
ROBO2,2176
ROBO3,2177
ROCK1,2178
ROCK2,2179
ROR1,2180
ROR2,2181
RORA,2182
RORB,2183
RPA1,2184
RPN1,2185
RPN2,2186
RPRM,2187
RPS6,2188
RPS6KA1,2189
RPS6KA2,2190
RPS6KA4,2191
RPS6KA5,2192
RPS6KB1,2193
RPS6KB2,2194
RRAGA,2195
RRAGC,2196
RRAGD,2197
RRAS,2198
RRAS2,2199
RRM2,2200
RRM2B,2201
RSPO1,2202
RSPO2,2203
RSPO3,2204
RSPO4,2205
RUFY1,2206
RUNX1,2207
RUNX1T1,2208
RUNX2,2209
RUNX3,2210
RUVBL1,2211
RXFP3,2212
RXRA,2213
RXRB,2214
RXRG,2215
RYK,2216
RYR1,2217
RYR2,2218
S1PR1,2219
S1PR2,2220
S1PR3,2221
S1PR4,2222
S1PR5,2223
SAMHD1,2224
SAP18,2225
SAP30,2226
SAR1A,2227
SAV1,2228
SCD,2229
SCD5,2230
SCIN,2231
SCN1B,2232
SCN4B,2233
SCN5A,2234
SCN9A,2235
SCNN1A,2236
SCNN1B,2237
SCNN1G,2238
SCO2,2239
SCP2,2240
SCRIB,2241
SCT,2242
SCTR,2243
SDC1,2244
SDC2,2245
SDC4,2246
SEC13,2247
SEC23B,2248
SEC24A,2249
SEC24B,2250
SEC24D,2251
SEC31A,2252
SEC31B,2253
SEH1L,2254
SEMA3A,2255
SEMA3B,2256
SEMA3C,2257
SEMA3F,2258
SEMA3G,2259
SEMA4A,2260
SEMA4B,2261
SEMA4C,2262
SEMA4D,2263
SEMA4F,2264
SEMA7A,2265
SENP2,2266
SERPINA1,2267
SERPINA5,2268
SERPINE1,2269
SERPINF1,2270
SERPING1,2271
SESN1,2272
SESN2,2273
SESN3,2274
SETD7,2275
SFN,2276
SFRP1,2277
SFRP2,2278
SFRP4,2279
SFRP5,2280
SGK1,2281
SGK2,2282
SGK3,2283
SH2B1,2284
SH2B2,2285
SH2B3,2286
SH2D2A,2287
SH3BP2,2288
SH3GL1,2289
SH3GL2,2290
SH3GL3,2291
SH3GLB1,2292
SH3GLB2,2293
SHANK1,2294
SHANK2,2295
SHANK3,2296
SHARPIN,2297
SHC2,2298
SHC4,2299
SHH,2300
SHISA5,2301
SHOC2,2302
SIAH1,2303
SIK1,2304
SIK2,2305
SIN3A,2306
SIPA1,2307
SIPA1L1,2308
SIRPA,2309
SIRT1,2310
SIRT6,2311
SIVA1,2312
SKAP1,2313
SKAP2,2314
SKP1,2315
SKP2,2316
SLC12A2,2317
SLC1A5,2318
SLC22A2,2319
SLC22A3,2320
SLC22A4,2321
SLC22A5,2322
SLC25A31,2323
SLC25A4,2324
SLC27A1,2325
SLC27A4,2326
SLC2A1,2327
SLC2A4,2328
SLC2A5,2329
SLC34A1,2330
SLC34A2,2331
SLC34A3,2332
SLC38A9,2333
SLC3A2,2334
SLC44A1,2335
SLC44A2,2336
SLC44A3,2337
SLC44A4,2338
SLC44A5,2339
SLC45A3,2340
SLC5A7,2341
SLC6A3,2342
SLC7A5,2343
SLC8A1,2344
SLC8A2,2345
SLC8A3,2346
SLC9A3R1,2347
SLIT1,2348
SLIT2,2349
SLK,2350
SMAD1,2351
SMAD2,2352
SMAD3,2353
SMAD4,2354
SMAD5,2355
SMAD6,2356
SMAD7,2357
SMAD9,2358
SMARCA2,2359
SMARCA4,2360
SMARCB1,2361
SMARCC1,2362
SMARCC2,2363
SMARCD1,2364
SMARCD2,2365
SMARCD3,2366
SMARCE1,2367
SMCR8,2368
SMG1,2369
SMG5,2370
SMG6,2371
SMG7,2372
SMO,2373
SMPD2,2374
SMURF1,2375
SMURF2,2376
SNAI1,2377
SNAP23,2378
SNAP25,2379
SNAP29,2380
SNUPN,2381
SOCS1,2382
SOCS2,2383
SOCS3,2384
SOCS4,2385
SOCS5,2386
SOCS6,2387
SOCS7,2388
SOD1,2389
SOD2,2390
SORBS1,2391
SORT1,2392
SOS1,2393
SOS2,2394
SOST,2395
SOX17,2396
SOX9,2397
SP1,2398
SPATA13,2399
SPATA2,2400
SPATA2L,2401
SPDYA,2402
SPDYE4,2403
SPHK1,2404
SPHK2,2405
SPI1,2406
SPOP,2407
SPOPL,2408
SPTAN1,2409
SQSTM1,2410
SRC,2411
SREBF1,2412
SRF,2413
SRGAP1,2414
SRGAP3,2415
SRSF1,2416
SRSF2,2417
SRSF3,2418
SRSF4,2419
SRSF5,2420
SRSF6,2421
SRSF7,2422
SRSF9,2423
SSH1,2424
SSH2,2425
SSH3,2426
SSTR2,2427
SSTR3,2428
SSTR4,2429
SSTR5,2430
SSU72,2431
SSX2IP,2432
STAG1,2433
STAM2,2434
STARD3,2435
STAT1,2436
STAT2,2437
STAT3,2438
STAT5A,2439
STAT5B,2440
STAT6,2441
STEAP3,2442
STIM1,2443
STIM2,2444
STIP1,2445
STK11,2446
STK3,2447
STK4,2448
STMN1,2449
STRADB,2450
STRAP,2451
STT3A,2452
STT3B,2453
STX10,2454
STX18,2455
STX1A,2456
STX1B,2457
STX2,2458
STX4,2459
STX5,2460
STX7,2461
STX8,2462
STXBP1,2463
SUFU,2464
SUGT1,2465
SUMO1,2466
SUMO2,2467
SUMO3,2468
SV2A,2469
SV2B,2470
SV2C,2471
SVIP,2472
SYCP3,2473
SYK,2474
SYMPK,2475
SYNPO,2476
TAB1,2477
TAB2,2478
TAC1,2479
TACR1,2480
TACR2,2481
TACR3,2482
TADA3,2483
TANK,2484
TAOK1,2485
TAOK2,2486
TAOK3,2487
TAP1,2488
TAP2,2489
TAPBP,2490
TAS1R1,2491
TAS1R2,2492
TAS1R3,2493
TBC1D1,2494
TBC1D15,2495
TBC1D17,2496
TBC1D4,2497
TBC1D7,2498
TBK1,2499
TBKBP1,2500
TBL1XR1,2501
TBX21,2502
TBX3,2503
TBXA2R,2504
TCF3,2505
TCF7,2506
TCF7L1,2507
TCF7L2,2508
TCIRG1,2509
TCL1A,2510
TCL1B,2511
TEAD1,2512
TEAD2,2513
TEAD3,2514
TEAD4,2515
TEC,2516
TEK,2517
TELO2,2518
TERC,2519
TERT,2520
TF,2521
TFAP4,2522
TFDP1,2523
TFDP2,2524
TFEB,2525
TFF1,2526
TFG,2527
TFRC,2528
TGFA,2529
TGFB1,2530
TGFB3,2531
TGFBR1,2532
TGIF1,2533
TGIF2,2534
TH,2535
THBD,2536
THBS1,2537
THBS3,2538
THBS4,2539
THEM4,2540
THOC1,2541
THOC5,2542
THOC7,2543
THPO,2544
THRA,2545
THRB,2546
THY1,2547
TIAM1,2548
TICAM1,2549
TIRAP,2550
TJP1,2551
TJP2,2552
TJP3,2553
TLN1,2554
TLR2,2555
TLR5,2556
TLR9,2557
TMBIM6,2558
TNF,2559
TNFAIP3,2560
TNFRSF10A,2561
TNFRSF10B,2562
TNFRSF11A,2563
TNFRSF12A,2564
TNFRSF13B,2565
TNFRSF13C,2566
TNFRSF14,2567
TNFRSF1B,2568
TNFRSF6B,2569
TNFSF12,2570
TNFSF13,2571
TNFSF14,2572
TNNC1,2573
TNNI3,2574
TNXB,2575
TOB1,2576
TOB2,2577
TOLLIP,2578
TOMM40,2579
TOMM7,2580
TOP3A,2581
TOPBP1,2582
TP53,2583
TP53AIP1,2584
TP53BP1,2585
TP53BP2,2586
TP53I3,2587
TP53INP2,2588
TP73,2589
TPM1,2590
TPM2,2591
TPM3,2592
TPM4,2593
TPR,2594
TRADD,2595
TRAF1,2596
TRAF2,2597
TRAF3,2598
TRAF3IP2,2599
TRAF4,2600
TRAF5,2601
TRAF6,2602
TRAK2,2603
TRIB3,2604
TRIM25,2605
TRIM71,2606
TRIP10,2607
TRIP6,2608
TRPC1,2609
TRPC3,2610
TRPV1,2611
TRPV4,2612
TRPV5,2613
TSC1,2614
TSC2,2615
TSHR,2616
TSLP,2617
TSPO,2618
TST,2619
TTF1,2620
TTF2,2621
TTI1,2622
TTK,2623
TUBA1A,2624
TUBA1C,2625
TUBA3C,2626
TUBA3E,2627
TUBA4A,2628
TUBA8,2629
TUBAL3,2630
TUBB,2631
TUBB1,2632
TUBB2A,2633
TUBB2B,2634
TUBB3,2635
TUBB4A,2636
TUBB4B,2637
TUBB6,2638
TUSC3,2639
TWIST1,2640
TWIST2,2641
TXN,2642
TXN2,2643
TXNIP,2644
TXNRD1,2645
TXNRD2,2646
TXNRD3,2647
TYK2,2648
UBB,2649
UBC,2650
UBE2D1,2651
UBE2D2,2652
UBE2D3,2653
UBE2D4,2654
UBE2I,2655
UBE2L3,2656
UBE2L6,2657
UBE2T,2658
UBE3A,2659
UBXN6,2660
UCN,2661
UCN2,2662
UCP1,2663
UIMC1,2664
ULK1,2665
ULK2,2666
UNC5A,2667
UNC5B,2668
UNC5C,2669
UNC5D,2670
UPF1,2671
UPF2,2672
UPF3A,2673
URM1,2674
USE1,2675
USP1,2676
USP21,2677
USP7,2678
USP8,2679
UTS2,2680
UTS2R,2681
UVRAG,2682
VAMP1,2683
VAMP2,2684
VAMP3,2685
VAMP4,2686
VANGL1,2687
VANGL2,2688
VAPA,2689
VAPB,2690
VASP,2691
VAV2,2692
VAV3,2693
VCL,2694
VCP,2695
VDAC1,2696
VDAC2,2697
VDAC3,2698
VDR,2699
VEGFA,2700
VEGFB,2701
VEGFC,2702
VHL,2703
VIPR2,2704
VPS4A,2705
VPS4B,2706
VTI1A,2707
VTI1B,2708
WASF1,2709
WASF2,2710
WASF3,2711
WASL,2712
WDR24,2713
WDR33,2714
WDR41,2715
WDR48,2716
WDR5,2717
WDR59,2718
WDR5B,2719
WDR82,2720
WEE1,2721
WFS1,2722
WHAMM,2723
WIF1,2724
WIPF1,2725
WIPF2,2726
WIPF3,2727
WIPI1,2728
WIPI2,2729
WNT1,2730
WNT10A,2731
WNT10B,2732
WNT11,2733
WNT16,2734
WNT2,2735
WNT2B,2736
WNT3,2737
WNT3A,2738
WNT4,2739
WNT5A,2740
WNT6,2741
WNT7A,2742
WNT7B,2743
WNT9A,2744
WNT9B,2745
WTIP,2746
WWC1,2747
WWP1,2748
WWTR1,2749
XBP1,2750
XPO1,2751
XPO5,2752
XPOT,2753
YAP1,2754
YES1,2755
YWHAB,2756
YWHAE,2757
YWHAG,2758
YWHAH,2759
YWHAQ,2760
YWHAZ,2761
ZAP70,2762
ZBP1,2763
ZBTB16,2764
ZBTB17,2765
ZEB1,2766
ZFP1,2767
ZFP14,2768
ZFP28,2769
ZFP30,2770
ZFP36,2771
ZFP36L1,2772
ZFP36L2,2773
ZFP37,2774
ZFP57,2775
ZFP82,2776
ZFP90,2777
ZFPM2,2778
ZFYVE16,2779
ZFYVE9,2780
ZIK1,2781
ZMAT3,2782
ZNF10,2783
ZNF101,2784
ZNF12,2785
ZNF132,2786
ZNF133,2787
ZNF135,2788
ZNF136,2789
ZNF14,2790
ZNF141,2791
ZNF154,2792
ZNF155,2793
ZNF160,2794
ZNF169,2795
ZNF177,2796
ZNF180,2797
ZNF181,2798
ZNF184,2799
ZNF189,2800
ZNF19,2801
ZNF195,2802
ZNF20,2803
ZNF200,2804
ZNF205,2805
ZNF212,2806
ZNF221,2807
ZNF222,2808
ZNF223,2809
ZNF224,2810
ZNF225,2811
ZNF226,2812
ZNF227,2813
ZNF229,2814
ZNF23,2815
ZNF230,2816
ZNF234,2817
ZNF235,2818
ZNF248,2819
ZNF25,2820
ZNF250,2821
ZNF251,2822
ZNF253,2823
ZNF254,2824
ZNF256,2825
ZNF257,2826
ZNF264,2827
ZNF268,2828
ZNF273,2829
ZNF274,2830
ZNF282,2831
ZNF283,2832
ZNF284,2833
ZNF3,2834
ZNF300,2835
ZNF302,2836
ZNF304,2837
ZNF311,2838
ZNF320,2839
ZNF324,2840
ZNF324B,2841
ZNF331,2842
ZNF333,2843
ZNF334,2844
ZNF337,2845
ZNF33A,2846
ZNF34,2847
ZNF343,2848
ZNF347,2849
ZNF354A,2850
ZNF354B,2851
ZNF354C,2852
ZNF382,2853
ZNF383,2854
ZNF398,2855
ZNF415,2856
ZNF416,2857
ZNF417,2858
ZNF420,2859
ZNF425,2860
ZNF43,2861
ZNF430,2862
ZNF432,2863
ZNF433,2864
ZNF436,2865
ZNF44,2866
ZNF440,2867
ZNF442,2868
ZNF443,2869
ZNF45,2870
ZNF454,2871
ZNF460,2872
ZNF461,2873
ZNF468,2874
ZNF470,2875
ZNF471,2876
ZNF473,2877
ZNF480,2878
ZNF490,2879
ZNF506,2880
ZNF510,2881
ZNF514,2882
ZNF516,2883
ZNF517,2884
ZNF527,2885
ZNF528,2886
ZNF529,2887
ZNF540,2888
ZNF543,2889
ZNF544,2890
ZNF546,2891
ZNF547,2892
ZNF548,2893
ZNF549,2894
ZNF550,2895
ZNF552,2896
ZNF554,2897
ZNF555,2898
ZNF556,2899
ZNF557,2900
ZNF558,2901
ZNF559,2902
ZNF559-ZNF177,2903
ZNF561,2904
ZNF562,2905
ZNF564,2906
ZNF565,2907
ZNF566,2908
ZNF567,2909
ZNF568,2910
ZNF569,2911
ZNF57,2912
ZNF570,2913
ZNF571,2914
ZNF583,2915
ZNF584,2916
ZNF585A,2917
ZNF587,2918
ZNF596,2919
ZNF597,2920
ZNF599,2921
ZNF600,2922
ZNF606,2923
ZNF607,2924
ZNF610,2925
ZNF611,2926
ZNF613,2927
ZNF615,2928
ZNF616,2929
ZNF619,2930
ZNF620,2931
ZNF621,2932
ZNF623,2933
ZNF627,2934
ZNF641,2935
ZNF649,2936
ZNF662,2937
ZNF665,2938
ZNF667,2939
ZNF670,2940
ZNF671,2941
ZNF675,2942
ZNF677,2943
ZNF682,2944
ZNF684,2945
ZNF688,2946
ZNF689,2947
ZNF699,2948
ZNF7,2949
ZNF700,2950
ZNF701,2951
ZNF707,2952
ZNF709,2953
ZNF713,2954
ZNF717,2955
ZNF718,2956
ZNF721,2957
ZNF726,2958
ZNF729,2959
ZNF74,2960
ZNF746,2961
ZNF749,2962
ZNF761,2963
ZNF763,2964
ZNF764,2965
ZNF766,2966
ZNF768,2967
ZNF77,2968
ZNF777,2969
ZNF778,2970
ZNF780A,2971
ZNF780B,2972
ZNF782,2973
ZNF783,2974
ZNF785,2975
ZNF786,2976
ZNF79,2977
ZNF790,2978
ZNF791,2979
ZNF792,2980
ZNF793,2981
ZNF799,2982
ZNF813,2983
ZNF816,2984
ZNF823,2985
ZNF829,2986
ZNF83,2987
ZNF841,2988
ZNF845,2989
ZNF846,2990
ZNF850,2991
ZNF853,2992
ZNF860,2993
ZNF878,2994
ZNF879,2995
ZNF90,2996
ZNF93,2997
ZNF99,2998
ZNRF3,2999
ZYX,3000
